categorie,nature,numero_article,titre,amende_min,amende_max,amende_formule,peine_prison_up,condition,sanction_complementaire,requalification,remarque,definition
A,Infractions routières,1.00,Vitesse excessive,50,150,,,-,-,-,-,"Conduite d'un véhicule à une vitesse supérieure à celle autorisée par les dispositions légales ou réglementaires applicables, mettant en danger la sécurité des personnes ou des biens."
A,Infractions routières,1.01,Excès de vitesse compris entre 0-15 km/h,50,150,,,Uniquement si preuve radar,-,-,-,-
A,Infractions routières,1.02,Excès de vitesse compris entre 16-30 km/h,75,175,,,Uniquement si preuve radar,-,-,-,-
A,Infractions routières,1.03,Excès de vitesse compris entre 31-50 km/h,100,200,,,Uniquement si preuve radar,-,-,-,-
A,Infractions routières,1.04,Excès de vitesse hors ville de plus de 50 km/h,100,250,,,Uniquement si preuve radar,Retrait de permis 24h à 48h,-,-,-
A,Infractions routières,1.05,Excès de vitesse en ville de plus de 50 km/h,150,275,,,Uniquement si preuve radar,Retrait de permis 48h à 72h,-,-,Conduite d'un véhicule en zone urbaine dépassant la vitesse maximale autorisée de plus de 50 km/h.
A,Infractions routières,1.10,Stationnement Gênant,25,50,,,-,-,-,-,"Fait de stationner un véhicule de manière à entraver la circulation, à mettre en danger les usagers de la voie publique, ou sur des zones interdites telles que les trottoirs, pistes cyclables, emplacements réservés ou toute zone non prévue à cet effet."
A,Infractions routières,1.11,Non respect de la signalisation,25,50,,,-,Récidive : retrait de permis de 24h à 48h,-,-,"Fait de ne pas se conformer aux signaux, panneaux ou indications réglementaires de circulation."
A,Infractions routières,1.12,Absence de protection obligatoire,25,50,,,-,-,-,-,"Fait de circuler à bord d'un véhicule pour lequel le port d'un équipement de sécurité homologué est requis, notamment le casque pour les conducteurs et passagers de deux-roues motorisés, sans être muni de ladite protection."
A,Infractions routières,1.13,Conduite en dehors des chemins et des routes,100,150,,,-,-,-,-,Fait de circuler avec un véhicule sur des terrains non destinés à la circulation publique.
A,Infractions routières,1.14,Conduite en contre sens,150,200,,,-,Récidive : retrait de permis de 24h à 48h,-,-,Fait de circuler dans une direction interdite sur une voie réservée à la circulation opposée.
A,Infractions routières,1.15,Délit de fuite,250,500,,30,-,Récidive : retrait de permis/licence de 24h à 48h,Récidive/Circonstance aggravante : Cat. B,La complicité ne peut être retenue,"Fait, pour un conducteur, de quitter volontairement les lieux d'un accident ou de refuser d'obtempérer à une injonction des forces de l'ordre, afin d'échapper à ses responsabilités."
B,Infractions routières,1.16,Conduite en état d'ivresse,100,150,,,Uniquement sur preuve éthylotest,Retrait de permis 24h à 48h,-,-,Fait de conduire un véhicule sous l'influence de l'alcool dépassant le taux légal autorisé.
B,Infractions routières,1.17,Conduite sous l'emprise de stupéfiant,200,250,,,Uniquement sur preuve test de drogue,Retrait de permis 24h à 48h,-,-,Fait de conduire un véhicule sous l'influence de substances psychotropes ou stupéfiantes prohibées par la loi.
A,Infractions routières,1.20,Défaut de carte grise,50,100,,,-,Récidive : immobilisation du véhicule jusqu'à régularisation,-,-,Fait de circuler avec un véhicule dépourvu de certificat d'immatriculation en cours de validité ou d'utiliser un certificat falsifié ou ne correspondant pas au véhicule concerné.
A,Infractions routières,1.21,Défaut d'immatriculation,100,150,,,-,-,-,"Exception : véhicule sans plaque de base, vérifier avec la bâche",Fait de circuler avec un véhicule non immatriculé ou dont l'immatriculation n'est pas conforme à la réglementation.
A,Infractions routières,1.22,Usurpation de plaque d'immatriculation,250,500,,60,-,-,-,-,Fait d'utiliser frauduleusement une plaque d'immatriculation ne correspondant pas au véhicule concerné ou une plaque diplomatique.
A,Infractions routières,1.23,Conduite sans permis/licence,50,200,,,-,Récidive : immobilisation du véhicule jusqu'à régularisation,-,Possibilité de retenir 6.04 - Mise en danger de la vie d'autrui dans le cas d'un défaut de licence de vol.,"Fait de conduire un véhicule terrestre, maritime ou aérien sans être titulaire du permis ou de la licence légalement requis."
A,Infractions administratives,2.00,Refus de présentation d'une carte d'identité,50,500,,,-,-,Récidive/Circonstance aggravante : Cat. B,Mise en G.A.V. jusqu'à présentation du documents.,Fait de refuser de présenter un document d'identité lors d'un contrôle légalement autorisé.
A,Infractions administratives,2.01,Refus de se soumettre à une palpation/fouille,50,500,,,-,-,-,En fonction du Defcon en vigueur,Fait de s'opposer à une palpation ou une fouille de sûreté ou de sécurité régulièrement ordonnée par une autorité compétente.
A,Infractions administratives,2.02,Absence de recensement civil,50,250,,,-,-,-,-,"Fait pour un citoyen résidant sur le territoire de San Andreas de ne pas s'être fait recenser auprès des autorités compétentes, conformément aux obligations administratives en vigueur."
A,Infractions administratives,2.03,Refus d'obtempérer,200,700,,30,-,-,Récidive/Circonstance aggravante : Cat. B,La complicité ne peut être retenue,"Fait, pour un conducteur ou un individu, de ne pas se conformer à un ordre légal donné par les forces de l'ordre."
A,Infractions administratives,2.04,Refus de se soumettre à un contrôle de police,100,300,,60,-,-,-,-,"Fait de ne pas se conformer à une vérification légale ordonnée par les forces de l'ordre (alcoolémie, stupéfiants, documents, etc.)."
A,Infractions administratives,2.10,Ivresse publique et manifeste,50,150,,,-,-,Récidive/Circonstance aggravante : Cat. B,-,"Fait de se trouver en état d'ébriété apparent sur la voie publique ou dans un lieu ouvert au public, troublant l'ordre public."
A,Infractions administratives,2.11,Dissimulation du visage sur voie publique ou lieu public,150,300,,,-,-,Récidive/Circonstance aggravante : Cat. B,-,Fait de circuler ou de se maintenir sur un espace public en dissimulant volontairement son visage afin de rendre impossible son identification.
A,Infractions administratives,2.12,Dégradation de biens publics ou privés,250,600,,60,-,-,Récidive/Circonstance aggravante : Cat. B,Ajouter à l'amende le montant du coût estimé des réparations dût aux dégradations,"Fait de détériorer, détruire ou endommager volontairement un bien appartenant à autrui ou à la collectivité."
A,Infractions administratives,2.13,Manifestation sur la voie public sans autorisation,100,250,,,-,-,"Si Defcon 3, 2 ou 1 : Requalification Cat. C",Circonstance aggravante : Organisateur(s),Fait d'organiser ou de participer à un rassemblement ou une manifestation sur la voie publique sans autorisation préalable des autorités compétentes.
A,Infractions administratives,2.14,Non-respect des règles du Defcon en vigueur,250,500,,60,-,-,Récidive : Cat. B/si Defcon 2 ou 1 : Cat. B,-,Fait de ne pas se conformer aux mesures exceptionnelles établies par les autorités dans le cadre d'un état d'alerte ou de sécurité renforcée.
A,Infractions administratives,2.14.1,Non-respect des règles du Lockdown en vigueur,250,500,,10,-,-,Récidive : Cat. B/si Defcon 2 ou 1 : Cat. B,-,Fait de ne pas se conformer aux mesures exceptionnelles établies par les autorités dans le cadre d'un état d'alerte ou de sécurité renforcée.
A,Infractions administratives,2.15,Canular téléphonique,25,150,,,-,-,Récidive/Circonstance aggravante : Cat. B,-,"Fait d'émettre un appel fictif ou trompeur dans le but de nuire, d'alarmer ou de mobiliser abusivement une personne privée."
A,Infractions administratives,2.20,Vente sans autorisation légale,25,150,,,-,-,Récidive/Circonstance aggravante : Cat. B,-,"Fait de procéder à la commercialisation de biens ou de services sans disposer de l'agrément, licence ou autorisation exigée par la loi."
A,Infractions administratives,2.21,Défaut de présentation de carte de presse,100,200,,,-,-,-,-,"Fait, pour une personne se prévalant de la qualité de journaliste ou exerçant une activité de presse, de ne pas être en mesure de présenter une carte de presse en cours de validité lorsqu'elle est exigée par les autorités compétentes."
A,Infractions administratives,2.22,Défaut de justificatif de saisie de vehicule,250,500,,,-,-,-,-,"Fait, pour un agent procédant à la saisie d'un véhicule, de ne pas être en mesure de produire un justificatif légalement requis attestant de la régularité de ladite saisie."
A,Infractions administratives,2.23,Non réponse à 2 commis d'office,100,300,,,-,-,-,-,"Fait, pour un avocat, de refuser de prendre en charge deux affaires pour lesquelles il a été désigné comme commis d'office, sans justification valable."
A,Infractions administratives,2.24,Non réponse à 3 commis d'office,300,600,,,-,-,-,Radiation du barreau possible,"Fait, pour un avocat, de refuser de prendre en charge trois affaires pour lesquelles il a été désigné comme commis d'office, sans justification valable."
A,Infractions administratives,2.30,Chasse sans permis,50,300,,,-,Récidive : interdiction de passage PPA Chasse pendant 1 mois,-,"Possibilité de retenir 4.13 Détention, possession d'une arme à feu légale sans PPA",Fait de pratiquer la chasse sans être titulaire d'un permis de chasse en cours de validité ou sans respecter les conditions de son exercice.
C,Infractions administratives,2.31,Violation de serment,1000,5000,,180,-,-,-,Interdiction de travail dans les services publics,"Constitue une violation de serment le fait, pour une personne ayant prêté serment, de ne pas respecter les engagements qu'elle a officiellement jurés d'honorer."
C,Infractions administratives,2.32,Intrusion dans une zone à accès restreint,500,3000,,480,-,-,-,-,"Constitue une intrusion illégale le fait, pour toute personne, de pénétrer ou de se maintenir sans autorisation dans un bâtiment public, notamment dans des zones à accès restreint, réglementé ou interdit."
C,Infractions administratives,2.33,Extorsion,1000,5000,,480,-,-,-,-,"Fait d'obtenir, par la force, la menace ou la contrainte, la remise de fonds, de valeurs, de biens, ou l'obtention d'un engagement/signature."
A,Vols et braquages,3.00,Vol à l'arraché,50,150,,,-,-,Multirécidive : Cat. B,-,Soustraction violente et soudaine d'un objet détenu par une personne.
A,Vols et braquages,3.01,Vol de véhicule,50,150,,,-,-,Multirécidive : Cat. B,Possibilité de retenir 3.13 Braquage de personne,"Constitue un vol de véhicule le fait de s'emparer, d'utiliser, de déplacer d'un véhicule motorisé appartenant à autrui sans l'autorisation de son propriétaire."
A,Vols et braquages,3.02,Cambriolage,25,250,,,-,-,Multirécidive : Cat. B,Possibilité de retenir 6.21 - Violation de propriété privée,"Vol commis dans un domicile, un local ou un établissement, caractérisé par l'effraction ou l'intrusion."
A,Vols et braquages,3.03,Vol,,,Montant de la somme * 1.5,60,-,-,Multirécidive : Cat. B,-,"Constitue un vol le fait de s'approprier, de tenter de s'approprier ou de déplacer sans autorisation un bien appartenant à autrui, avec l'intention de le soustraire à son propriétaire légitime, même temporairement."
A,Vols et braquages,3.10,Braquage de caisse (Apu),25,100,,,-,-,Multirécidive : Cat. B,-,"Constitue un braquage de caisse le fait, pour une ou plusieurs personnes, de pénétrer ou de se maintenir dans un commerce de proximité dans le but d'obtenir illégalement de l'argent, des biens ou des valeurs provenant de la caisse de l'établissement, par l'usage ou la menace de violence, d'intimidation ou de contrainte."
A,Vols et braquages,3.11,"Braquage de coffre (Ex : Youtool, Binco,...)",25,100,,,-,Si récidive : 60 UP,Multirécidive : Cat. B,-,"Constitue un braquage de coffre le fait, pour une ou plusieurs personnes, de pénétrer ou de se maintenir dans un établissement commercial dans le but d'obtenir illégalement des fonds, marchandises ou objets de valeur contenus dans un coffre ou une réserve sécurisée."
A,Vols et braquages,3.12,Braquage de conteneur,100,250,,,-,-,Multirécidive : Cat. B,-,"Constitue un braquage de conteneur le fait, pour une ou plusieurs personnes, d'ouvrir et pénétré pour s'approprier des marchandises stockées dans un conteneur de transport."
B,Vols et braquages,3.13,Braquage de personne,250,600,,240,-,-,-,-,"Constitue un braquage de personne le fait, pour une ou plusieurs personnes, de contraindre directement une personne à remettre de l'argent, un bien ou un objet de valeur par l'usage ou la menace de violence, d'intimidation ou de contrainte."
B,Vols et braquages,3.14,Braquage de train,250,1000,,360,-,-,-,-,"Constitue un braquage de train le fait, pour une ou plusieurs personnes, de pénétrer ou de se maintenir à bord d'un train dans le but d'obtenir illégalement des biens, marchandises ou fonds transportés."
B,Vols et braquages,3.15,Braquage de convoi ammu-nation,250,2500,,360,-,-,-,-,"Constitue un braquage de convoi Ammu-Nation le fait, pour une ou plusieurs personnes, d'intercepter, d'attaquer ou de détourner un transport d'armes ou de munitions dans le but d'en obtenir illégalement tout ou partie du contenu."
B,Vols et braquages,3.16,Braquage de Brinks,250,3000,,360,-,-,-,-,"Constitue un braquage de Brinks le fait, pour une ou plusieurs personnes, d'intercepter, d'attaquer ou de détourner un convoi de transport de fonds dans le but d'obtenir illégalement les sommes ou valeurs transportées."
B,Vols et braquages,3.17,Braquage de bijouterie,500,1500,,360,-,-,-,-,"Constitue un braquage de bijouterie le fait, pour une ou plusieurs personnes, de pénétrer ou de se maintenir dedans ou autour de la bijouterie dans le but d'obtenir illégalement ces biens."
B,Vols et braquages,3.18,Braquage de banque Fleeca,250,750,,360,-,-,-,-,"Constitue un braquage de banque Fleeca le fait, pour une ou plusieurs personnes, de pénétrer ou de se maintenir dedans ou autour de l'agence bancaire dans le but d'obtenir illégalement des fonds, valeurs ou biens."
B,Vols et braquages,3.19,Braquage d'entreprise,250,500,,480,-,-,-,-,"Constitue un braquage d'entreprise le fait, pour une ou plusieurs personnes, de pénétrer ou de se maintenir dans les locaux d'une entreprise public ou privée dans le but d'obtenir illégalement des biens, marchandises ou fonds appartenant à celle-ci."
B,Vols et braquages,3.20,Braquage de convoi,250,1000,,480,-,-,-,-,"Constitue un braquage de convoi le fait, pour une ou plusieurs personnes, d'intercepter, d'immobiliser ou de détourner un convoi transportant des biens, marchandises, de détenus ou valeurs dans le but d'en obtenir illégalement tout ou une partie du contenu."
C,Vols et braquages,3.21,Braquage de banque centrale,3600,6000,,480,-,-,-,-,"Constitue un braquage de banque centrale le fait, pour une ou plusieurs personnes, de pénétrer ou de se maintenir dedans ou autour de l'établissement bancaire central dans le but d'obtenir illégalement des fonds, valeurs ou biens."
A,Trafic et détention,4.00,Détention de stupéfiants inférieure ou égale à 100 unités mais supérieur à 5 unités (drogue douce),250,250,,,-,-,Récidive : Cat. B,-,Fait de posséder une quantité inférieure à 100 unités mais supérieur à 5 unités de substances classées comme drogues dites « douces » sans autorisation légale.
A,Trafic et détention,4.01,Détention de stupéfiants inférieure ou égale à 100 unités (drogue dure),300,300,,,-,-,Récidive : Cat. B,-,Fait de posséder une quantité inférieure à 100 unités de substances classées comme drogues dites « dures » sans autorisation légale.
A,Trafic et détention,4.02,Détention de stupéfiants inférieure ou égale à 100 unités (drogue de synthèse),400,400,,,-,-,Récidive : Cat. B,-,Fait de posséder une quantité inférieure à 100 unités de substances classées comme drogues dites « de synthèse » sans autorisation légale.
B,Trafic et détention,4.03,Détention de produits pharmaceutiques réglementés supérieur à 10 unités,,,$10 * unités,60,-,-,-,Amende progressive selon le nombre d'unités détenues,"Fait de détenir, sans autorisation, une quantité de produits pharmaceutiques excédant la limite fixée."
B,Trafic et détention,4.04,Détention de stupéfiants supérieure à 100 unités (drogue douce),,,$20 * unités,60,-,-,-,Amende progressive selon le nombre de pochons détenus,"Fait de détenir, sans autorisation, une quantité de stupéfiants classés comme drogues douces excédant 50 unités."
B,Trafic et détention,4.05,Détention de stupéfiants supérieure à 100 unités (drogue dure),,,$25 * unités (>75% Pureté) / $10 * unité (<75% Pureté),60,-,-,-,Amende progressive selon le nombre de pochons détenus,"Fait de détenir, sans autorisation, une quantité de stupéfiants classés comme drogues dures excédant 50 unités."
B,Trafic et détention,4.06,Détention de stupéfiants supérieure à 100 unités (drogue de synthèse),,,$50 * unités (>75% Pureté) / $25 * unité (<75% Pureté),60,-,-,-,Amende progressive selon le nombre de pochons détenus,"Fait de détenir, sans autorisation, une quantité de stupéfiants classés comme drogues de synthèse excédant 50 unités."
C,Trafic et détention,4.07,Trafic de stupéfiant,3000,5000,,480,"Minimum de 500 unités de drogues découvertes sur un seul individu ou un seul lieu privé (ex : voiture, habitation, hangar,...)",-,-,Possibilité de retenir : 4.00 à 4.06,"Production, détention, transport, offre, cession ou vente de substances classées comme stupéfiants sans autorisation légale."
B,Trafic et détention,4.08,Vente au détails de stupéfiant,100,200,,60,Flagrant délits de vente (photo à l'appuie),-,-,Possibilité de retenir : 4.00 à 4.06,Fait de vendre dans la rue ou en extérieur du stupéfiant de main à main.
A,Trafic et détention,4.10,Exhibition d'une arme blanche / contondantes,50,250,,,-,-,-,-,"Fait de montrer ou brandir publiquement une arme blanche / contondantes de Catégorie 1, de manière à troubler l'ordre public ou à intimider autrui."
A,Trafic et détention,4.11,Exhibition d'une arme à feu,100,1000,,,Toute exhibition non comprise dans le Code Pénal,-,-,-,"Fait de montrer ou brandir publiquement une arme à feu, de manière à troubler l'ordre public ou à intimider autrui."
A,Trafic et détention,4.12,Usage d'une arme à feu,250,1000,,,Uniquement si fait avéré ou test de poudre positif,-,Récidive : Cat. B,-,Fait de tirer avec une arme à feu dans un cadre illégal.
A,Trafic et détention,4.13,"Détention, possession d'une arme à feu légale sans PPA",250,750,,60,-,Interdiction de passage de PPA pendant 3 mois,-,Possibilité de retenir : 4.15 et/ou 4.16,"Fait de détenir ou posséder une arme à feu soumise à autorisation, sans disposer d'un permis de port ou de détention valable."
A,Trafic et détention,4.14,"Détention, possession d'arme de Cat. 1",100,250,,,-,-,-,Transport autorisé dans le coffre d'un véhicule à 4 roues.,"Fait de détenir ou posséder, sans justification légale, une arme blanche ou contondante relevant de la catégorie 1."
A,Trafic et détention,4.15,"Détention, possession d'arme de Cat. 2",1000,1500,,,-,"Si pas de PPA, interdiction de passage de PPA pendant 3 mois / Retrait PPA pendant 3 mois",-,Si récidive : 60 UP,"Fait de détenir ou posséder, sans autorisation, une arme de poing relevant de la catégorie 2."
C,Trafic et détention,4.16,"Détention, possession d'arme de Cat. 3",1000,5000,,180,-,"Si pas de PPA, interdiction de passage de PPA pendant 3 mois / Retrait PPA pendant 3 mois",-,-,"Fait de détenir ou posséder, sans autorisation, une arme d'épaule ou un explosif relevant de la catégorie 3."
C,Trafic et détention,4.17,"Détention, possession d'armes gouvernementales, militaires ou policières",2000,5000,,180,-,-,-,Possibilité de retenir : 4.15 et/ou 4.16,"Fait de détenir ou posséder sans autorisation des armes réservés aux forces de l'ordre, aux autorités gouvernementales ou à l'armée."
B,Trafic et détention,4.17.1,"Détention, possession d'équipements gouvernementaux, militaires ou policiers",500,1000,,120,-,-,-,-,"Fait de détenir ou posséder sans autorisation des équipements réservés aux forces de l'ordre, aux autorités gouvernementales ou à l'armée."
C,Trafic et détention,4.18,Trafic d'armes,,,"$1,500 / arme",480,"Minimum de 4 armes à feu découvertes sur un seul individu ou un seul lieu privé (ex : voiture, habitation, hangar,...)",-,-,"Possibilité de retenir 4.14, 4.15, 4.16","Fabrication, transport, détention ou commerce d'armes sans autorisation légale, ou en violation des règles encadrant leur usage et leur circulation."
A,Trafic et détention,4.19,"Détention, possession illégale de munitions comprise entre 15 et 36 unités",,,$5 * unités à $20 * unités,,-,-,-,-,Fait de détenir ou transporter sans autorisation légale entre 15 et 36 unités de munitions de quelque calibre que ce soit.
B,Trafic et détention,4.20,"Détention, possession illégale de munitions supérieure à 36 unités",,,$20 * unités à $40 * unités,60,-,-,-,-,"Fait de détenir, stocker ou transporter plus de 36 unités de munitions sans autorisation, permis de port d'arme ou en dehors du cadre légal prévu par l'État de San Andreas."
C,Trafic et détention,4.21,Trafic de munitions,,,,480,"Minimum de 100 munitions découvertes sur un seul individu ou un seul lieu privé (ex : voiture, habitation, hangar,...)",-,-,Possibilité de retenir le 4.20,"Fait de détenir, transporter, vendre, distribuer ou stocker illégalement un volume important de munitions, sans autorisation gouvernementale ni licence commerciale valide."
B,Trafic et détention,4.30,Recel,500,1500,,60,-,-,-,-,"Le fait de dissimuler, détenir ou transmettre une chose dont on sait, ou dont on ne peut ignorer, qu'elle provient d'un crime ou d'un délit."
C,Trafic et détention,4.31,Trafic d'espèces protégées,50,1000,,60,-,Retrait du PPA Chasse avec interdiction de le repasser avant 3 mois,-,-,"Captation, chasse, capture, détention, transport, vente ou achat d'espèces animales ou végétales protégées, en violation des lois relatives à la protection de la biodiversité."
C,Trafic et détention,4.32,Proxénétisme,1000,5000,,480,-,-,-,-,"Le fait, par quelque moyen que ce soit, d'aider, d'assister ou de tirer profit de la prostitution d'autrui, y compris par menace, contrainte ou organisation."
B,Trafic et détention,4.33,Possesion de produits destinés à la production de stupéfiants,,,$50/Paquet,480,"Minimum de 1 paquet de COCA découvertes sur un seul individu ou un seul lieu privé (ex : voiture, habitation, hangar,...)",-,-,-,"Substances ou matériels utilisés, ou susceptibles d'être utilisés, dans le processus de fabrication illicite de drogues dures, de synthèse ou douces."
A,Infractions économiques et financières,5.00,Possession d'argent liquide de plus de $5 000 sans justificatif,,,5% du montant excédentaire,,-,-,Récidive/Circonstance aggravante : Cat. B,Restitution possible après paiement de l'amende et vérification de la source légale de l'argent. Si récidive : 60 UP + 20 UP par tranche de 2500$ excedentaire (180 UP max.),"Le fait de détenir une somme supérieure à 5 000 $ en liquide sans pouvoir en justifier la provenance licite, laissant présumer une origine frauduleuse ou délictueuse."
A,Infractions économiques et financières,5.01,Vice de contrat civil,150,550,,,-,-,Récidive/Circonstance aggravante : Cat. B,-,"Présence d'un défaut, d'une irrégularité ou d'une erreur affectant la validité d'un contrat civil."
A,Infractions économiques et financières,5.02,Défaut de contrat civil,250,650,,,-,-,-,Mise en conformité sous 7 jours sinon possibilité de retenir 2.20 Vente sans autorisation légale,Fait de ne pas établir ou formaliser un contrat civil obligatoire entre parties lorsque la loi l'exige.
A,Infractions économiques et financières,5.03,Détention de plus de 150 000$ en liquide chez soi sans justificatif,,,10% de la somme,120,"Accompagné de preuves illicites (trouvé à coté de drogues, armes, etc)",-,-,Restitution possible après paiement de l'amende et vérification de la source légale de l'argent,"Le fait de détenir une somme supérieure à 150 000 $ en liquide chez soi, sans pouvoir en justifier la provenance licite, laissant présumer une origine frauduleuse ou délictueuse."
A,Infractions économiques et financières,5.10,Défaut d'identification Patron Co-patron,100,250,,,-,-,-,"Amende de $5,000 si non régularisation après 7 jours",Fait de ne pas fournir les informations légales identifiant le propriétaire ou le co-propriétaire d'une entreprise ou d'un établissement.
A,Infractions économiques et financières,5.11,Défaut de grille tarifaire des services et produits,25,100,,,-,-,-,Constatable toutes les semaines,Fait de ne pas afficher ou tenir à jour les prix des services ou produits proposés au public conformément à la réglementation.
A,Infractions économiques et financières,5.12,Défaut de règlement de travail,50,150,,,-,-,-,Constatable toutes les semaines,"Fait de ne pas disposer, appliquer ou communiquer un règlement intérieur conforme aux obligations légales pour les salariés."
A,Infractions économiques et financières,5.13,Défaut de reçu/facture,50,100,,,-,-,-,Par facturation,"Fait de ne pas fournir un reçu ou une facture lors d'une transaction commerciale ou d'un paiement reçu, ou de ne pas conserver ces documents conformément aux obligations légales pour les contrôles fiscaux."
A,Infractions économiques et financières,5.14,Défaut de registre des salariés,75,200,,,-,-,-,Constatable toutes les semaines,"Fait de ne pas tenir un registre à jour mentionnant l'identité, le poste et la situation administrative des salariés."
A,Infractions économiques et financières,5.15,Défaut de récapitulatif/preuve des salaires versés,50,100,,,-,-,-,Constatable toutes les semaines,Fait de ne pas fournir un document ou un registre attestant du paiement des salaires aux salariés.
A,Infractions économiques et financières,5.16,Vice de comptabilité,100,500,,,-,-,-,Constatable toutes les semaines,"Fait de présenter une comptabilité contenant des erreurs, omissions ou irrégularités susceptibles de tromper les autorités."
A,Infractions économiques et financières,5.17,Défaut de comptabilité,250,750,,,-,-,-,Constatable toutes les semaines,Fait de ne pas tenir ou conserver une comptabilité conforme aux obligations légales.
A,Infractions économiques et financières,5.18,Défaut de visite médicale,100,250,,,-,Fermeture possible après deux rappels et jusqu'à régularisation,-,Par visite médicale manquante,Fait de ne pas réaliser ou documenter les visites médicales obligatoires pour les salariés.
A,Infractions économiques et financières,5.19,Vice de contrat de travail,50,250,,,-,Fermeture possible après deux rappels et jusqu'à régularisation,-,Par contrat litigieux,Fait pour un contrat de travail de comporter des clauses contraires à la loi ou aux droits des salariés.
A,Infractions économiques et financières,5.20,Défaut de contrat de travail,100,250,,,-,Fermeture possible après deux rappels et jusqu'à régularisation,-,Par contrat manquant,"Fait de ne pas établir de contrat écrit pour un salarié employé, conformément à la réglementation en vigueur."
A,Infractions économiques et financières,5.21,Non paiement de salaire,400,750,,,-,"Dommages et intérêts à la victime de max. $5,000 en plus du montant du salaire.",-,Par salaire non versé,Fait de ne pas verser le salaire dû à un salarié selon les modalités et délais prévus par la loi ou le contrat.
A,Infractions économiques et financières,5.22,Licenciement abusif,250,800,,,-,-,-,Si récidive : 30 UP,Fait de mettre fin à un contrat de travail sans motif valable ou en violation des procédures légales de licenciement.
A,Infractions économiques et financières,5.23,Défaut de règlement d'indemnité de licenciement,100,450,,,-,"En plus de l'amende, possible ajout de dommages et intérêts à la victime (2x la somme due)",-,-,Fait de ne pas verser l'indemnité de licenciement due au salarié à la fin de son contrat.
A,Infractions économiques et financières,5.24,Défaut de règlement du solde de tout compte,50,250,,,-,"En plus de l'amende, possible ajout de dommages et intérêts à la victime (2x la somme due)",-,-,"Fait de ne pas régler au salarié toutes les sommes qui lui sont dues à la fin de son contrat, y compris salaires, primes et avantages."
A,Infractions économiques et financières,5.25,Abandon de poste,50,250,,,-,-,-,-,Fait pour un salarié de cesser d'exercer ses fonctions sans autorisation ni justification valable pendant une période prolongée.
A,Infractions économiques et financières,5.26,Abandon de gestion,100,300,,,-,-,-,-,"Fait pour un responsable ou gestionnaire de ne pas exercer ses fonctions, entraînant un préjudice ou un manquement aux obligations légales ou contractuelles."
A,Infractions économiques et financières,5.27,Travail dissimulé,250,500,,60,-,-,Récidive/Circonstance aggravante : Cat. B,-,"Exercice d'une activité professionnelle sans déclaration aux autorités compétentes, ou dissimulation de tout ou partie de l'emploi salarié."
A,Infractions économiques et financières,5.28,Vice de contrat d'entreprise,150,350,,,-,-,Récidive/Circonstance aggravante : Cat. B,Si récidive : 30 UP,"Présence d'un défaut, d'une irrégularité ou d'une erreur affectant la validité d'un contrat commercial ou d'entreprise."
A,Infractions économiques et financières,5.40,Défaut de déclaration d'impôt,150,500,,,-,-,Récidive/Circonstance aggravante : Cat. B,Si récidive : 30 UP,Fait de ne pas déclarer les revenus ou bénéfices soumis à l'impôt selon les règles en vigueur.
A,Infractions économiques et financières,5.41,Défaut de paiement d'impôt,,,Somme x 1.5,,-,-,Récidive/Circonstance aggravante : Cat. B,Si récidive : 30 UP,Fait de ne pas s'acquitter du paiement des impôts dus dans les délais légaux.
A,Infractions économiques et financières,5.42,Refus de se soumettre à un contrôle fiscal,300,1000,,,-,-,-,Possibilité de retenir 2.02 Refus d'obtempérer,Fait de ne pas répondre ou d'entraver un contrôle fiscal légalement diligenté.
C,Infractions économiques et financières,5.43,Fraude fiscale,,,Montant de la somme x 1.5,240,-,-,-,-,"Action volontaire d'échapper à l'impôt par des manœuvres frauduleuses, notamment dissimulation de revenus, falsification de déclarations ou organisation d'insolvabilité."
C,Infractions économiques et financières,5.44,Blanchiment d'argent,,,Montant de la somme blanchie x 1.5,240,-,-,-,-,"Opération consistant à dissimuler l'origine illicite de fonds en les intégrant dans le circuit économique légal par des transactions, placements ou conversions."
C,Infractions économiques et financières,5.45,Détournement de fonds,,,Montant de la somme x 1.5,240,-,-,-,20 UP par tranche de 2500$ supérieur à un montant de 10000$ (480 UP max.),"Le fait, par une personne à qui des fonds, valeurs ou biens ont été remis en raison de sa fonction ou mission, de les utiliser à des fins personnelles ou contraires à leur objet."
A,Infractions économiques et financières,5.50,Défaut de paiement de facture,,,Somme x 1.5,,-,-,Récidive/Circonstance aggravante : Cat. B,Si récidive : 30 UP,Fait de ne pas régler une facture dans les délais convenus ou imposés par la loi.
A,Infractions économiques et financières,5.51,Divulgation de base de données client,250,500,,,-,-,Personne travaillant pour services publics : Cat. C,Si récidive : 30 UP,"Fait de communiquer, partager ou rendre accessible des informations confidentielles concernant les clients sans autorisation légale ou contractuelle."
A,Infractions économiques et financières,5.52,Transport de marchandises illicites,250,450,,,-,-,Multirécidive : Cat. B,-,"Acheminement, par quelque moyen que ce soit, de biens ou produits prohibés ou soumis à autorisation légale."
C,Infractions économiques et financières,5.53,Faux et usage de faux,1000,1000,,240,-,-,-,-,"Création, altération ou falsification volontaire d'un écrit, document ou support, ayant pour objet ou pour effet d'induire en erreur, ainsi que l'utilisation de ce document falsifié comme s'il était authentique."
A,Infractions économiques et financières,5.60,Défaut de préavis de grève,50,150,,,-,-,-,Pour chaque gréviste non déclaré,Fait pour un salarié ou un syndicat de déclencher une grève sans respecter le délai de préavis légal ou contractuel.
A,Infractions économiques et financières,5.61,Violation du secret des sources journalistique,150,250,,,-,-,-,"Dommages et intérêts à la victime de max. $15,000",Fait pour un journaliste ou un professionnel des médias de révéler volontairement l'identité d'une source confidentielle sans son accord.
A,Infractions économiques et financières,5.62,Violation du secret médical,100,500,,,-,-,-,"Dommages et intérêts à la victime de max. $15,000",Fait pour un professionnel de santé de divulguer des informations confidentielles concernant un patient sans autorisation légale.
A,Infractions sur la personne / atteintes aux droits,6.00,Atteinte à la pudeur,25,100,,,-,-,Récidive/Circonstance aggravante : Cat. B,-,Fait d'adopter un comportement ou de commettre un acte portant atteinte à la décence publique ou à la dignité d'autrui.
B,Infractions sur la personne / atteintes aux droits,6.01,Coups et blessures,150,500,,180,-,Coût des soins médicaux de la victime à la charge du prévenu en plus de l'amende,-,-,"Fait de porter volontairement atteinte à l'intégrité physique d'autrui, entraînant des blessures ou douleurs."
A,Infractions sur la personne / atteintes aux droits,6.02,Harcèlement,100,250,,180,-,-,Récidive/Circonstance aggravante/À caractère sexuel : Cat. B,-,"Fait de répéter des actes, propos ou comportements ayant pour objet ou pour effet de troubler la tranquillité ou de nuire à la dignité d'autrui."
B,Infractions sur la personne / atteintes aux droits,6.03,Violation des droits fondamentaux,100,2500,,240,-,-,-,-,"Fait de porter atteinte aux libertés et protections essentielles reconnues par la Constitution ou les lois, incluant notamment la vie, la liberté, l'égalité, la dignité et la sécurité des personnes."
B,Infractions sur la personne / atteintes aux droits,6.04,Mise en danger de la vie d'autrui,100,250,,180,-,-,-,-,Fait d'adopter un comportement ou de commettre un acte susceptible d'exposer directement autrui à un risque grave pour sa vie ou son intégrité.
C,Infractions sur la personne / atteintes aux droits,6.05,Maltraitance/Violence sur animaux,250,500,,240,-,-,-,-,"Fait d'infliger volontairement des sévices, privations ou mauvais traitements à un animal."
C,Infractions sur la personne / atteintes aux droits,6.06,Mutilations / Tortures / Actes de barbarie,250,750,,480,-,-,-,-,"Actes infligeant des souffrances physiques ou psychologiques graves à une personne, de manière intentionnelle ou excessive, hors toute justification légale."
A,Infractions sur la personne / atteintes aux droits,6.10,Menace,50,250,,,-,-,Récidive/Circonstance aggravante : Cat. B,Si récidive : 60 UP,"Fait d'exprimer l'intention de causer un dommage à autrui, par paroles, gestes ou tout autre moyen."
B,Infractions sur la personne / atteintes aux droits,6.11,Non assistance à personne en danger,100,300,,180,-,-,Si décès : Cat. C,-,"Fait de s'abstenir volontairement d'apporter à autrui l'aide nécessaire, sans risque pour soi ou pour autrui, lorsqu'il est en danger grave et imminent."
A,Infractions sur la personne / atteintes aux droits,6.12,Menace de mort,100,250,,180,-,-,Récidive/Circonstance aggravante : Cat. B,-,"Fait de menacer autrui de lui donner la mort, quelle que soit la forme employée."
B,Infractions sur la personne / atteintes aux droits,6.14,Prise d'otage,250,700,,120,-,-,-,-,"Action de retenir une ou plusieurs personnes contre leur volonté pour contraindre une autorité, un tiers ou une population à accomplir un acte ou à s'abstenir."
C,Infractions sur la personne / atteintes aux droits,6.15,Séquestration / Enlèvement,150,1000,,240,-,-,-,-,"Privation de liberté d'une personne sans justification légale, souvent dans un but d'extorsion, de rançon ou de vengeance."
B,Infractions sur la personne / atteintes aux droits,6.16,Évasion,250,1000,,2880,-,-,Circonstance aggravante : Cat. C,-,"Fait pour une personne privée de liberté (prisonnier, détenu, prévenu) de se soustraire à une détention légale."
B,Infractions sur la personne / atteintes aux droits,6.20,Usurpation d'identité,250,750,,180,-,-,"Si individu ""WANTED"" : Cat. C",-,"Fait d'utiliser frauduleusement l'identité d'une autre personne, dans le but de tirer profit ou de porter atteinte à autrui."
A,Infractions sur la personne / atteintes aux droits,6.21,Violation de propriété privée,25,500,,60,Doit être qualifié,-,-,-,Fait de pénétrer ou de se maintenir sans autorisation dans un lieu appartenant à autrui.
B,Infractions sur la personne / atteintes aux droits,6.22,Abus de confiance,50,300,,60,-,-,Récidive/Circonstance aggravante : Cat. C,-,"Fait de détourner, au préjudice d'autrui, des fonds, des biens ou des valeurs remis à titre précaire."
C,Infractions sur la personne / atteintes aux droits,6.23,Escroquerie,,,Montant de la somme * 1.5,180,-,-,-,-,"Fait d'obtenir un bien, un service ou un avantage par des manœuvres frauduleuses ou mensongères."
B,Infractions sur la personne / atteintes aux droits,6.30,Non respect d'un contrôle judiciaire,100,500,,60,-,-,-,-,"Fait, pour une personne placée sous contrôle judiciaire, de ne pas se conformer aux obligations fixées par la justice."
B,Infractions sur la personne / atteintes aux droits,6.31,Non présentation à une convocation,200,300,,,-,Émission d'un mandat d'arrêt,-,-,Fait de ne pas se présenter volontairement à une convocation émise par une autorité compétente.
A,Infractions sur la personne / atteintes aux droits,6.32,Incitation à la haine,25,100,,60,-,-,Récidive/Circonstance aggravante : Cat. B,-,"Fait de provoquer publiquement à la haine, à la violence ou à la discrimination envers une personne ou un groupe."
A,Infractions sur la personne / atteintes aux droits,6.33,Diffamation,250,750,,180,-,-,Récidive/Circonstance aggravante : Cat. B,-,Fait de porter publiquement atteinte à l'honneur ou à la considération d'une personne par des allégations ou imputations mensongères.
A,Infractions sur la personne / atteintes aux droits,6.34,Atteinte à la vie privée,100,300,,180,-,$500 par jour de retard après la demande de retrait,Au-delà de 3 jours de retard : Cat. C,-,"Fait de porter atteinte à l'intimité de la vie privée d'autrui par la divulgation, la collecte ou l'exploitation d'informations sans consentement."
B,Infractions sur la personne / atteintes aux droits,6.35,Violation du droit de la presse,25,1000,,180,-,-,-,-,"Fait de porter atteinte à la liberté, à l'indépendance ou aux règles régissant l'exercice du droit de la presse."
C,Infractions sur la personne / atteintes aux droits,6.36,Violation du secret professionnel,1000,2500,,180,-,-,-,Possibilité laissée à la cour de justice d'abandonner l'inscription au casier judiciaire,Divulgation ou utilisation non autorisée d'informations confidentielles obtenues dans l'exercice d'une profession réglementée.
A,Infractions sur la personne / atteintes aux droits,6.40,Propagande électorale irrégulière,50,500,,,-,Éviction du candidat de l'élection,-,-,"Fait de diffuser ou promouvoir des messages électoraux en violation des règles légales ou des délais autorisés, afin d'influencer indûment le scrutin."
A,Infractions sur la personne / atteintes aux droits,6.41,Diffusion de fausses nouvelles,25,350,,240,Uniquement si diffusion sur des canaux accessibles au grand public,-,-,-,"Fait de publier, partager ou propager délibérément des informations mensongères ou trompeuses susceptibles de troubler l'ordre public ou d'induire le public en erreur."
A,Infractions sur la personne / atteintes aux droits,6.42,Braconnage,,,50$ * unités à 100$ * unités,,-,-,-,-,"Constitue un acte de braconnage toute pêche réalisée sans carte en règle, hors des zones autorisées, à l'aide d'un ustensile non conforme, sur des espèces protégées, ou en excès manifeste des quotas établis."
B,Infractions sur la personne / atteintes aux droits,6.43,Discrimination,50,150,,60,-,-,-,-,"Constitue une discrimination toute distinction, exclusion ou traitement différencié fondé notamment sur l'origine, l'apparence, le genre, l'identité, l'orientation personnelle ou affective, le handicap, les convictions, la situation sociale ou professionnelle, la réputation ou l'âge."
C,Infractions sur la personne / atteintes aux droits,6.44,Falsification de preuves,1000,1500,,300,-,-,-,-,"Constitue une falsification toute modification, suppression ou création frauduleuse d'un document ou d'un objet destiné à servir de preuve."
A,Infractions graves / d'État,7.00,Refus d'application d'un décret gouvernemental,250,500,,60,-,-,-,-,"Fait de refuser délibérément de se conformer à un décret émis par le Gouvernement de San Andreas, lorsqu'il s'applique à tous les citoyens ou à une catégorie professionnelle spécifique."
A,Infractions graves / d'État,7.01,Outrage à agent dépositaire de l'autorité de l'État,100,500,,,-,Tout usage abusif de cette infraction peut faire l'objet de poursuites au titre de l'article 7.06 – Abus de pouvoir.,Récidive/Circonstance aggravante : Cat. B,"La contestation d'une décision, un désaccord ou un ton énervé sans insulte directe ne constitue pas un outrage.","Fait de tenir des propos insultants, humiliants ou menaçants visant directement un agent dépositaire de l'autorité publique dans l'exercice de ses fonctions."
A,Infractions graves / d'État,7.02,Outrage à Magistrat,500,850,,60,-,Tout usage abusif de cette infraction peut faire l'objet de poursuites au titre de l'article 7.06 – Abus de pouvoir.,Récidive/Circonstance aggravante : Cat. B,La critique ou la contestation d'une décision judiciaire sans propos insultant ou dégradant ne constitue pas un outrage.,"Fait de tenir des propos insultants, humiliants ou menaçants visant directement un magistrat dans l'exercice de ses fonctions."
B,Infractions graves / d'État,7.03,Entrave aux actions des forces de l'ordre,50,250,,180,-,-,-,Possibilité de retenir 2.02 - Refus d'obtempérer,"Fait d'empêcher, gêner ou retarder volontairement l'exécution des missions légales des forces de l'ordre."
B,Infractions graves / d'État,7.04,Entrave à l'exercice de la justice,50,500,,60,-,-,-,-,"Fait d'entraver, gêner ou empêcher le fonctionnement normal de l'administration de la justice, y compris la conduite d'enquêtes, de procès ou l'exécution de décisions judiciaires."
B,Infractions graves / d'État,7.05,Entrave à une enquête judiciaire,50,600,,180,-,-,-,Possibilité de retenir 2.02 - Refus d'obtempérer,"Fait de perturber, de dissimuler des éléments de preuve ou d'entraver de toute autre manière le bon déroulement d'une enquête judiciaire."
B,Infractions graves / d'État,7.05.1,Entrave aux soins,50,600,,180,-,-,-,-,"Fait d'empêcher, retarder ou perturber volontairement l'intervention de personnel médical ou l'accès d'une personne à des soins."
B,Infractions graves / d'État,7.10,Trouble à l'ordre judiciaire,100,800,,300,Applicable seulement lors d'un procès,-,-,-,"Fait de troubler, perturber un procès en cours et/ou son bon déroulement."
B,Infractions graves / d'État,7.06,Abus de pouvoir,100,350,,60,-,-,Dépositaire de l'autorité de l'État : Cat. C d'office,-,"Fait, pour une personne dépositaire d'une autorité publique ou d'une fonction, d'en faire un usage illégal ou détourné."
C,Infractions graves / d'État,7.07,Usurpation de fonction,1000,2000,,180,-,-,-,-,"Fait d'exercer ou de se présenter comme titulaire d'une fonction publique, militaire, judiciaire ou privée, sans en avoir le droit."
A,Infractions graves / d'État,7.08,Refus de se soumettre à une décision de justice,250,500,,240,-,Majoration de 15% sur le montant exigible,-,-,Fait pour une personne de ne pas exécuter ou de s'opposer à l'application d'une décision rendue par l'autorité judiciaire.
C,Infractions graves / d'État,7.09,Parjure,300,1000,,240,Applicable seulement si preuves factuelles,-,-,-,Fait de mentir ou de déclarer sciemment des faits faux sous serment lors d'une procédure judiciaire.
C,Infractions graves / d'État,7.20,Homicide involontaire,1000,7500,,240,-,-,-,Peut aller jusqu'à la perpétuité,"Acte par lequel une personne cause la mort d'autrui sans intention de la donner, par imprudence, négligence ou manquement à une obligation de sécurité."
C,Infractions graves / d'État,7.21,Homicide volontaire,1000,10000,,960,-,-,-,Peut aller jusqu'à la perpétuité,Acte par lequel une personne cause délibérément la mort d'autrui.
C,Infractions graves / d'État,7.22,Homicide volontaire avec préméditation,2500,10000,,1920,-,-,-,Peut aller jusqu'à la perpétuité,"Forme aggravée d'homicide volontaire, caractérisée par la planification ou la préparation préalable de l'acte."
C,Infractions graves / d'État,7.23,Terrorisme,1000,5000,,2880,-,-,-,Peut aller jusqu'à la perpétuité,"Acte ou série d'actes violents commis dans le but d'intimider, contraindre ou influencer une population, un gouvernement ou une organisation internationale."
C,Infractions graves / d'État,7.30,Corruption,2000,3000,,180,-,-,-,-,"Fait de proposer, solliciter ou accepter des avantages afin d'influencer indûment l'action d'une personne investie d'une fonction publique ou privée."
C,Infractions graves / d'État,7.31,Sédition,,,,480,-,-,-,-,"Action de provoquer, organiser ou soutenir une rébellion ouverte contre l'autorité légale ou les institutions de l'État, par des moyens violents ou par incitation publique."
C,Infractions graves / d'État,7.32,Coup d'État,,,,2880,-,-,-,Peut aller jusqu'à la perpétuité,Action visant à renverser illégalement un gouvernement ou l'autorité établie par des moyens violents ou coercitifs.
C,Infractions graves / d'État,7.33,Haute trahison contre les institutions américaines,,,,960,-,-,-,Peut aller jusqu'à la perpétuité,"Acte de trahison grave, impliquant la violation des obligations envers l'État ou ses institutions."
C,Infractions graves / d'État,7.50,Cyber criminalitée,700,1000,,120,-,-,-,-,"Acte de hacking, cyber attaque."
